<?xml version='1.0' encoding='utf-8'?>
<!DOCTYPE hibernate-configuration PUBLIC
        "-//Hibernate/Hibernate Configuration DTD 3.0//EN"
        "http://www.hibernate.org/dtd/hibernate-configuration-3.0.dtd">

<hibernate-configuration>
    <session-factory>
        <property name="hibernate.dialect">org.hibernate.dialect.PostgreSQLDialect</property>
        <property name="hibernate.connection.driver_class">org.postgresql.Driver</property>
        <property name="hibernate.connection.username">postgres</property>
        <property name="hibernate.connection.password">this4now</property>
        <property name="hibernate.connection.url">jdbc:postgresql://localhost:5432/postgres</property>



        <property name="connection_pool_size">1</property>

        <property name="hbm2ddl.auto">create</property>

        <property name="show_sql">true</property>
		<property name="transaction.auto_close_session">true</property> 


       <mapping class="com.home.Entity.Person"/>
       <mapping class="com.home.Entity.Vehicle"/>
       
    </session-factory>
</hibernate-configuration>